{
  "swagger" : "2.0",
  "info" : {
    "title" : "enrollBillerAPINew",
    "version" : "1.0.0",
    "description" : "enrollBillerAPINew"
  },
  "paths" : {
    "/individual" : {
      "post" : {
        "operationId" : "postIndividual",
        "responses" : {
          "200" : {
            "description" : "The operation was successful."
          }
        },
        "consumes" : [ "application/json" ],
        "produces" : [ "application/json" ],
        "description" : "Insert a individual",
        "parameters" : [ {
          "name" : "body",
          "in" : "body",
          "schema" : {
            "type" : "string"
          },
          "description" : "The request body for the operation",
          "required" : true
        } ]
      }
    },
    "/bulk" : {
      "post" : {
        "operationId" : "postBulk",
        "responses" : {
          "200" : {
            "description" : "The operation was successful."
          }
        },
        "consumes" : [ "application/json" ],
        "produces" : [ "application/json" ],
        "description" : "Insert a bulk",
        "parameters" : [ {
          "name" : "body",
          "in" : "body",
          "schema" : {
            "type" : "string"
          },
          "description" : "The request body for the operation",
          "required" : true
        } ]
      }
    }
  },
  "basePath" : "/enrollbillerapi/v1"
}